{
  "IcoMoonType": "selection",
  "icons": [
    {
      "icon": {
        "paths": [
          "M983.040 227.596c-36.172 16.064-75.039 26.849-115.818 31.792 41.677-24.939 73.581-64.482 88.633-111.551-38.982 23.142-82.227 39.88-128.061 48.979-36.733-39.206-89.194-63.695-147.157-63.695-111.436 0-201.753 90.207-201.753 201.646 0 15.839 1.794 31.23 5.165 45.946-167.602-8.425-316.221-88.635-415.637-210.745-17.299 29.769-27.297 64.482-27.297 101.441 0 69.986 35.61 131.66 89.643 167.831-33.026-1.012-64.143-10.109-91.328-25.276v2.585c0 97.735 69.535 179.18 161.762 197.714-16.851 4.608-34.712 7.078-53.135 7.078-13.031 0-25.612-1.237-37.856-3.596 25.612 80.097 100.090 138.4 188.273 140.087-68.973 54.034-155.808 86.274-250.394 86.274-16.289 0-32.24-0.897-48.079-2.806 89.306 57.176 195.237 90.542 309.145 90.542 370.93 0 573.805-307.245 573.805-573.708 0-8.762-0.225-17.413-0.561-26.062 39.428-28.534 73.691-64.032 100.651-104.474z"
        ],
        "attrs": [
          {}
        ],
        "width": 983,
        "isMulticolor": false,
        "isMulticolor2": false,
        "grid": 0,
        "tags": [
          "Frame"
        ]
      },
      "attrs": [
        {}
      ],
      "properties": {
        "order": 7,
        "id": 2,
        "name": "twitter",
        "prevSize": 32
      },
      "setIdx": 0,
      "setId": 3,
      "iconIdx": 0
    },
    {
      "icon": {
        "paths": [
          "M752 331.58h-163.618v-106.274c0-39.911 26.795-49.274 45.568-49.274h115.217v-175.446l-158.899-0.585c-176.251 0-216.271 130.853-216.271 214.655v116.925h-101.997v180.715h101.997v511.706h214.5v-511.59h144.734l18.769-180.83z"
        ],
        "attrs": [
          {}
        ],
        "isMulticolor": false,
        "isMulticolor2": false,
        "grid": 0,
        "tags": [
          "IMAGE"
        ]
      },
      "attrs": [
        {}
      ],
      "properties": {
        "order": 8,
        "id": 1,
        "name": "facebook",
        "prevSize": 32
      },
      "setIdx": 0,
      "setId": 3,
      "iconIdx": 1
    },
    {
      "icon": {
        "paths": [
          "M512 246.112c-146.611 0-265.888 119.277-265.888 265.888s119.277 265.783 265.888 265.783c146.611 0 265.783-119.275 265.783-265.783 0.102-146.611-119.172-265.888-265.783-265.888zM512 676.42c-90.7 0-164.42-73.719-164.42-164.42s73.72-164.42 164.42-164.42c90.701 0 164.42 73.72 164.42 164.42s-73.719 164.42-164.42 164.42zM729.327 0h-434.655c-162.452 0-294.672 132.219-294.672 294.672v434.655c0 162.453 132.219 294.673 294.672 294.673h434.655c162.453 0 294.673-132.22 294.673-294.673v-434.655c0-162.452-132.117-294.672-294.673-294.672zM922.637 729.327c0 106.543-86.767 193.203-193.31 193.203h-434.655c-106.542 0-193.204-86.66-193.204-193.203v-434.655c0-106.542 86.662-193.204 193.204-193.204h434.655c106.543 0 193.203 86.662 193.203 193.204v434.655h0.107zM781.513 169.286c-38.31 0-69.581 31.165-69.581 69.578 0 38.31 31.168 69.578 69.581 69.578 38.31 0 69.577-31.165 69.577-69.578s-31.266-69.578-69.577-69.578z"
        ],
        "attrs": [
          {}
        ],
        "isMulticolor": false,
        "isMulticolor2": false,
        "grid": 0,
        "tags": [
          "IMAGE-1"
        ]
      },
      "attrs": [
        {}
      ],
      "properties": {
        "order": 9,
        "id": 0,
        "name": "insta",
        "prevSize": 32
      },
      "setIdx": 0,
      "setId": 3,
      "iconIdx": 2
    },
    {
      "icon": {
        "paths": [
          "M64 192h896v192h-896zM64 448h896v192h-896zM64 704h896v192h-896z"
        ],
        "tags": [
          "menu",
          "list",
          "options",
          "lines",
          "hamburger"
        ],
        "defaultCode": 59837,
        "grid": 16,
        "attrs": []
      },
      "attrs": [],
      "properties": {
        "ligatures": "menu, list3",
        "name": "menu",
        "order": 6,
        "id": 190,
        "prevSize": 32
      },
      "setIdx": 2,
      "setId": 1,
      "iconIdx": 189
    }
  ],
  "height": 1024,
  "preferences": {
    "showGlyphs": true,
    "showQuickUse": true,
    "showQuickUse2": true,
    "showSVGs": true,
    "fontPref": {
      "prefix": "icon-",
      "metadata": {
        "fontFamily": "icomoon"
      },
      "metrics": {
        "emSize": 1024,
        "baseline": 6.25,
        "whitespace": 50
      },
      "embed": false
    },
    "imagePref": {
      "prefix": "icon-",
      "png": true,
      "useClassSelector": true,
      "color": 0,
      "bgColor": 16777215,
      "classSelector": ".icon",
      "name": "icomoon"
    },
    "historySize": 50,
    "showCodes": true,
    "gridSize": 16
  }
}